{
    "immediateEffect": true,
    "recordLog": true,
    "recordRuntimeLog": false,
    "showToast": true,
    "stayAwake": false,
    "restartService": true,
    "autoRestart": "APP",
    "autoRestart2": "APP",
    "pin": "",
    "sendXedgepro": true,
    "xedgeproData": "",
    "originalMode": false,
    "deleteStranger": true,
    "enable": true,
    "smallAccountList": [],
    "collectEnergy": true,
    "collectWateringEnergy": true,
    "checkInterval": 300000,
    "threadCount": 1,
    "advanceTime": 15,
    "collectInterval": 0,
    "collectTimeout": 200,
    "returnWater30": 0,
    "returnWater20": 0,
    "returnWater10": 30,
    "helpFriendCollect": true,
    "delayHelpFriendCollect": false,
    "helpFriendCollectWatering": true,
    "dontCollectList": [],
    "dontHelpCollectList": [],
    "receiveForestTaskAward": true,
    "waterFriendList": [
        [
            "2088122572818057",
            3
        ],
        [
            "2088422866277565",
            3
        ]
    ],
    "cooperateWater": false,
    "cooperateWaterList": [],
    "grabPacket": true,
    "enableFarm": true,
    "rewardFriend": true,
    "sendBackAnimal": true,
    "sendType": "HIT",
    "dontSendFriendList": [],
    "recallAnimalType": "ALWAYS",
    "receiveFarmToolReward": true,
    "useNewEggTool": true,
    "harvestProduce": true,
    "donation": true,
    "answerQuestion": true,
    "receiveFarmTaskAward": true,
    "feedAnimal": true,
    "useAccelerateTool": true,
    "feedFriendAnimalList": [
        [
            "2088122572818057",
            3
        ],
        [
            "2088422866277565",
            3
        ]
    ],
    "notifyFriend": false,
    "dontNotifyFriendList": [],
    "starGameHighScore": true,
    "jumpGameHighScore": true,
    "playFarmGame": true,
    "acceptGift": true,
    "visitFriendList": [
        "2088422866277565",
        "2088122572818057"
    ],
    "collectManurePot": true,
    "triggerTbTask": true,
    "orchardSpreadManure": false,
    "hireAnimal": false,
    "receivePoint": true,
    "openTreasureBox": true,
    "donateCharityCoin": true,
    "minExchangeCount": 0,
    "latestExchangeTime": 0,
    "kbSignIn": true,
    "collectCreditFeedback": true,
    "zmDonate": true,
    "electricSignIn": true,
    "greatyouthReceive": true,
    "addFriendGroupList": [],
    "openDoorSignIn": true,
    "hookStep": 24138
}